name,email,phone,company_name,proyectos_vinculados,created_at
Kenji Sato,kenji.sato@tokyotech-jp.net,81 90 4321 8765,Apex Solutions Group,"Apex Financial Control,  Apex Cost Optimizer",2026-03-06
Min-ji Park,minji.park@seoul-innovations.kr,82 10 5678 1234,Apex Solutions Group,"Apex Operations Hub, Apex Quality Assurance, Apex Innovation Labs",2026-06-06
Wei Zhang,wei.zhang@beijing-solutions.cn,86 138 0013 5792,Apex Solutions Group,"Apex Green Advisory, Apex Culture Initiative",2026-09-10
Linh Nguyen,linh.nguyen@hanoitech.vn,84 91 234 5678,Apex Solutions Group,"Apex Talent Elite, ApexFlow Automation, Apex Core Platform",2026-02-15
Li Wang,li.wang@shanghai-cloud.cn,86 139 2345 6789,Apex Solutions Group,ApexPulse Network,2025-12-15
Alejandro Ramírez Gómez,alejandro.ramirez@gdl-tech.mx,52 33 1234 5678,Nibblo,"Nibblo Growth Campaign, Nibblo Core Engine",2023-04-09
Sofía Morales Hernández,sofia.morales@mx-solutions.net,52 55 8765 4321,Nibblo,"Nibblo Talent Hub, Nibblo Culture Lab",2024-05-23
Carlos Garza Treviño,carlos.garza@mty-innovacion.com,52 81 2468 1357,Nibblo,"Nibblo QA Sentinel, Nibblo Future Labs",2025-10-25
Camila Silva Santos,camila.silva@samba-digital.br,55 11 98765 4321,InkSplash Printing,EcoBrand Launch,2026-08-25
Liam Tremblay,liam.tremblay@vancouver-cloud.ca,1 604 555 0147,InkSplash Printing,"WebPrint Automation, SmartOrder App",2026-08-26
Mateo Fernández Ruiz,mateo.fernandez@madrid-soluciones.es,34 911 234 567,InkSplash Printing,"TalentInk Academy, SplashCulture, CostOptimize",2026-09-03
Lukas Weber,lukas.weber@berlin-tech.de,49 30 12345678,InkSplash Printing,"FinDash Print, GreenBox Initiative",2026-09-11
Emily Johnson Smith,emily.johnson@austin-innovations.us,1 512 555 8923,TechTrove Innovations,"TroveBoost Campaign, CloudTrove Core, TechConnect B2B",2024-03-13
Chloé Martin Bernard,chloe.martin@paris-digital.fr,33 1 42 68 55 00,TechTrove Innovations,InnoSkills Academy,2025-05-20
Sipho Dlamini,sipho.dlamini@capetown-tech.za,27 21 555 4390,TechTrove Innovations,FinTrove Analytics,2026-03-08
Olivia O'Connor,olivia.oconnor@sydney-systems.au,61 2 9123 4567,TechTrove Innovations,"SmartBudget Ops, AI-Insight Engine",2025-12-20
Joaquín Rossi Benítez,joaquin.rossi@ba-solutions.com.ar,54 11 4567 8910,DataWave Solutions,"DataPulse Social, DataLake Architecture",2025-12-14
Leonardo Romano Conti,leonardo.romano@milano-tech.it,39 02 8765 4321,DataWave Solutions,"Pipeline Ops, DataShield Sentinel",2026-07-30
Oliver Smith Davies,oliver.smith@london-tech.co.uk,44 20 7946 0912,DataWave Solutions,"Predictive Lab, AnalytIQ Academy",2026-08-20