name,email,address,city,country,phone,web_address,tax_id,company_code,owner_email,members_email,created_at
Nibblo,crew@nibblo.com,General Mariano Escobedo 902,General Escobedo,Mexico,8183764001,nibblo.io,NIB2603157K4,A7K2M9Q4XZ,angie.milcheva@fastmail.com,"jason.mariezkurrena@gmx.de, eva.papadopoulos@job4u.com, angelina.haddad@journalist.com, simon.bullo@gmx.com, yarabi.garcia@icloud.com, domenika.munoz@hotmail.com, camil.abdoulaye@fastmail.mx, aylyn.vicente@fastmail.com.au, hilario.garcia@fastmail.co.uk, homero.diaz@fastmail.es, ibai.vinyoles@fastmail.fr, kyllian.gasparyan@gmx.net, noor.garcia@irelandmail.com, maneh.tanaka@israelmail.com, hovhannes.schmidt@italymail.com, lilit.okafor@jetemail.net, mateo.ndlovu@juno.com, alexander.dubois@justemail.net, felix.kowalski@keemail.me, charlotte.singh@keromail.com, david.petrov@kissfans.com, adin.silva@kittymail.com, hasan.nguyen@koreamail.com, olivia.muller@laposte.net, sheikh.rossi@legislator.com",2023-03-27
TechTrove Innovations,lab@techtroveinnovations.com,Tudor Road 205,Leicester,Reino Unido,122471289,techtrove.io,5827419630,X3B7H9C2VF,uzziel.garcia@fastmail.in,"fridha.manzanillas@fastmail.com, hiromi.detemple@gmx.net, holly.hollingsworth@fastmail.us, 
inna.macgregor@icloud.com, krishna.hetherington@fastmail.co.uk, lluvia.virban@free.fr, 
maheli.sanchez@fastmail.mx, boglarka.nakamura@justemail.net, dominik.pereira@keemail.me, zalan.schneider@keromail.com, sophie.abdullah@kissfans.com, 
oisin.moreno@kittymail.com, ibrahim.petrovic@koreamail.com, yehuda.williams@laposte.net, aadhya.haddadi@legislator.com, hoda.lopez@letterboxes.org, assia.adebayo@libero.it, zoran.bakker@linuxmail.org, aleksandar.kuznetsov@list.ru, george.costa@live.ca, harper.lee@live.co.uk, eithan.thompson@live.com, valentina.ribeiro@live.fr
",2024-03-05
Apex Solutions Group,connect@apexgroup.io,Tak Fung Ind Centre,Tsuen Wan,China,24098307,apexforge.co,91110000MA7X4K2P8C,L6W2P9Y5GS,ruy.gregoris@fastmail.org,"lars.perez@fastmail.us, mahonri.diaz@gmail.com, odell.santacatalina@icloud.com, maxime.motas@fastmail.de, theo.aranjuelo@fastmail.nl, tarek.perez@fastmail.mx, viktor.chiscano@gmx.us, xabier.perez@fastmail.com, wilson.urango@fastmail.net, mila.yamamoto@letterboxes.org, alice.hernandez@libero.it, victorhugo.andersson@linuxmail.org, miguelangel.alhassan@list.ru, rosmery.oconnor@live.ca, 
francisca.santos@live.co.uk, marcoantonio.kim@live.com, isabella.ivanov@live.com.au, benjamin.bergstrom@live.fr, jakub.mbatha@live.it, adela.fernandes@live.nl, abdelkader.moreau@lobbyist.com, djamel.kumar@lovecat.com, brahim.sato@lycos.com, 
lyna.johansson@mac.com
",2025-09-03
DataWave Solutions,analytics@datawave.tech,Stettiner Str. 142,Hochheim,Alemania,614640132,datawave360.com,DE482761935,M8Q4Z1K7RD,sebastian.damboriena@hotmail.com,"nissim.aleksanyan@gmx.com, xander.buenrostro@googlemail.com, xocoyotzin.corralero@fastmail.fm, amayrani.mariotti@icloud.com, azura.gavrilova@gmx.de, edrielle.martinez@fastmail.jp, dulce.sanchez@hotmail.es,  eirene.pinochet@fastmail.fr, 
gabriela.lacanina@gmail.com, aitana.gonzalez@madonnafan.com, 
rasmus.mensah@mail-central.com, abdelrahman.kovacevic@mail-me.com, oihan.bianchi@mail-page.com, eevi.hussein@mail.com, fiadh.mendoza@mail.ru, 
grace.lindqvist@mailandftp.com, paninnguaq.adeyemi@mailas.com, inunnguag.fischer@irelandmail.com, mariadelcarmen.chakraborty@israelmail.com, jakov.martinez@italymail.com, myrlande.wilson@jetemail.net, widelene.zhang@job4u.com, 
rosemerline.jorgensen@journalist.com, samuel.diop@juno.com
",2025-10-28
InkSplash Printing,print@inksplash.co,Kaikorai Valley Road 152,Dunedin,Nueva Zelanda,34556165,inksplashstudio.com,94-782-615,P5R8T2N6WL,rolando.escarraza@gmx.com,"sadoc.svetlinov@fastmail.org, zianya.branzuela@fastmail.com, yutzin.diez@fastmail.de, 
aldebaran.apilluelo@fastmail.es, imanol.garcia@googlemail.com, maximillian.bosso@fastmail.com.au, adnachiel.martin@fastmail.tw, 
bartolome.leszczynska@gmx.net, oswaldo.lovatt@fastmail.us, zoe.khalil@live.it,
luciana.mbeki@live.nl, alessia.dubravsky@lobbyist.com, mia.watanabe@lovecat.com,  chloe.campbell@lycos.com, jacob.dlamini@mac.com, matthew.vargas@madonnafan.com, 
zion.nowak@mail-central.com, bismah.olsen@mail-me.com, ayesha.rahman@mail-page.com, 
cesar.castillo@mail.com, patricia.mori@mail.ru, javiera.paz@mailandftp.com, hudson.parks@mailas.com, pat.meza@live.fr, 
",2026-06-19