project_name,user_email,role,created_at
Nibblo Growth Campaign,angie.milcheva@fastmail.com,Lider,2023-04-08
Nibblo Growth Campaign,simon.bullo@gmx.com,Miembro,2023-04-09
Nibblo Growth Campaign,camil.abdoulaye@fastmail.mx,Miembro,2023-04-10
Nibblo Growth Campaign,homero.diaz@fastmail.es,Miembro,2023-04-11
Nibblo Growth Campaign,ibai.vinyoles@fastmail.fr,Miembro,2023-04-12
Nibblo Growth Campaign,kyllian.gasparyan@gmx.net,Miembro,2023-04-13
Nibblo Connect,eva.papadopoulos@job4u.com,Lider,2023-07-16
Nibblo Connect,angelina.haddad@journalist.com,Miembro,2023-07-17
Nibblo Connect,yarabi.garcia@icloud.com,Miembro,2023-07-18
Nibblo Connect,aylyn.vicente@fastmail.com.au,Miembro,2023-07-19
Nibblo Connect,homero.diaz@fastmail.es,Miembro,2023-07-20
Nibblo Connect,mateo.ndlovu@juno.com,Miembro,2023-07-21
Nibblo Connect,felix.kowalski@keemail.me,Miembro,2023-07-22
Nibblo Core Engine,angelina.haddad@journalist.com,Lider,2023-10-28
Nibblo Core Engine,sheikh.rossi@legislator.com,Miembro,2023-10-29
Nibblo Core Engine,adin.silva@kittymail.com,Miembro,2023-10-30
Nibblo Core Engine,noor.garcia@irelandmail.com,Miembro,2023-10-31
Nibblo Core Engine,alexander.dubois@justemail.net,Miembro,2023-11-01
Nibblo Core Engine,david.petrov@kissfans.com,Miembro,2023-11-02
Nibblo Core Engine,felix.kowalski@keemail.me,Miembro,2023-11-03
Nibblo App Integration,angelina.haddad@journalist.com,Lider,2024-02-09
Nibblo App Integration,jason.mariezkurrena@gmx.de,Miembro,2024-02-10
Nibblo App Integration,angie.milcheva@fastmail.com,Miembro,2024-02-11
Nibblo App Integration,yarabi.garcia@icloud.com,Miembro,2024-02-12
Nibblo App Integration,aylyn.vicente@fastmail.com.au,Miembro,2024-02-13
Nibblo App Integration,hilario.garcia@fastmail.co.uk,Miembro,2024-02-14
Nibblo App Integration,felix.kowalski@keemail.me,Miembro,2024-02-15
Nibblo Talent Hub,angie.milcheva@fastmail.com,Lider,2024-05-22
Nibblo Talent Hub,hilario.garcia@fastmail.co.uk,Miembro,2024-05-23
Nibblo Talent Hub,ibai.vinyoles@fastmail.fr,Miembro,2024-05-24
Nibblo Talent Hub,jason.mariezkurrena@gmx.de,Miembro,2024-05-25
Nibblo Talent Hub,mateo.ndlovu@juno.com,Miembro,2024-05-26
Nibblo Talent Hub,felix.kowalski@keemail.me,Miembro,2024-05-27
Nibblo Talent Hub,homero.diaz@fastmail.es,Miembro,2024-05-28
Nibblo Culture Lab,jason.mariezkurrena@gmx.de,Lider,2024-09-03
Nibblo Culture Lab,camil.abdoulaye@fastmail.mx,Miembro,2024-09-04
Nibblo Culture Lab,homero.diaz@fastmail.es,Miembro,2024-09-05
Nibblo Culture Lab,mateo.ndlovu@juno.com,Miembro,2024-09-06
Nibblo Culture Lab,felix.kowalski@keemail.me,Miembro,2024-09-07
Nibblo Culture Lab,maneh.tanaka@israelmail.com,Miembro,2024-09-08
Nibblo Culture Lab,ibai.vinyoles@fastmail.fr,Miembro,2024-09-09
Nibblo Budget Control,angie.milcheva@fastmail.com,Lider,2024-12-16
Nibblo Budget Control,hilario.garcia@fastmail.co.uk,Miembro,2024-12-17
Nibblo Budget Control,maneh.tanaka@israelmail.com,Miembro,2024-12-18
Nibblo Budget Control,alexander.dubois@justemail.net,Miembro,2024-12-19
Nibblo Budget Control,adin.silva@kittymail.com,Miembro,2024-12-20
Nibblo Budget Control,felix.kowalski@keemail.me,Miembro,2024-12-21
Nibblo FinAudit,angie.milcheva@fastmail.com,Lider,2025-03-30
Nibblo FinAudit,homero.diaz@fastmail.es,Miembro,2025-03-31
Nibblo FinAudit,camil.abdoulaye@fastmail.mx,Miembro,2025-04-01
Nibblo FinAudit,alexander.dubois@justemail.net,Miembro,2025-04-02
Nibblo FinAudit,david.petrov@kissfans.com,Miembro,2025-04-03
Nibblo FinAudit,adin.silva@kittymail.com,Miembro,2025-04-04
Nibblo FinAudit,felix.kowalski@keemail.me,Miembro,2025-04-05
Nibblo Agile Ops,angie.milcheva@fastmail.com,Lider,2025-07-12
Nibblo Agile Ops,camil.abdoulaye@fastmail.mx,Miembro,2025-07-13
Nibblo Agile Ops,alexander.dubois@justemail.net,Miembro,2025-07-14
Nibblo Agile Ops,felix.kowalski@keemail.me,Miembro,2025-07-15
Nibblo Agile Ops,adin.silva@kittymail.com,Miembro,2025-07-16
Nibblo QA Sentinel,jason.mariezkurrena@gmx.de,Lider,2025-10-24
Nibblo QA Sentinel,alexander.dubois@justemail.net,Miembro,2025-10-25
Nibblo QA Sentinel,adin.silva@kittymail.com,Miembro,2025-10-26
Nibblo QA Sentinel,homero.diaz@fastmail.es,Miembro,2025-10-27
Nibblo QA Sentinel,camil.abdoulaye@fastmail.mx,Miembro,2025-10-28
Nibblo Future Labs,olivia.muller@laposte.net,Lider,2026-02-15
Nibblo Future Labs,maneh.tanaka@israelmail.com,Miembro,2026-02-16
Nibblo Future Labs,homero.diaz@fastmail.es,Miembro,2026-02-17
Nibblo Future Labs,maneh.tanaka@israelmail.com,Miembro,2026-02-18
Nibblo Future Labs,adin.silva@kittymail.com,Miembro,2026-02-19
Nibblo Future Labs,david.petrov@kissfans.com,Miembro,2026-02-20
Nibblo Green Initiative,olivia.muller@laposte.net,Lider,2026-05-05
Nibblo Green Initiative,adin.silva@kittymail.com,Miembro,2026-05-06
Nibblo Green Initiative,maneh.tanaka@israelmail.com,Miembro,2026-05-07
Nibblo Green Initiative,noor.garcia@irelandmail.com,Miembro,2026-05-08
Nibblo Green Initiative,david.petrov@kissfans.com,Miembro,2026-05-09
Nibblo Green Initiative,hilario.garcia@fastmail.co.uk,Miembro,2026-05-10
Apex Growth B2B,xabier.perez@fastmail.com,Lider,2025-12-05
Apex Growth B2B,brahim.sato@lycos.com,Miembro,2025-12-06
Apex Growth B2B,francisca.santos@live.co.uk,Miembro,2025-12-07
Apex Growth B2B,jakub.mbatha@live.it,Miembro,2025-12-08
Apex Growth B2B,ruy.gregoris@fastmail.org,Miembro,2025-12-09
Apex Growth B2B,tarek.perez@fastmail.mx,Miembro,2025-12-10
ApexPulse Network,ruy.gregoris@fastmail.org,Lider,2025-12-14
ApexPulse Network,francisca.santos@live.co.uk,Miembro,2025-12-15
ApexPulse Network,xabier.perez@fastmail.com,Miembro,2025-12-16
ApexPulse Network,tarek.perez@fastmail.mx,Miembro,2025-12-17
ApexPulse Network,rosmery.oconnor@live.ca,Miembro,2025-12-18
Apex Core Platform,ruy.gregoris@fastmail.org,Lider,2026-01-28
Apex Core Platform,brahim.sato@lycos.com,Miembro,2026-01-29
Apex Core Platform,abdelkader.moreau@lobbyist.com,Miembro,2026-01-30
Apex Core Platform,tarek.perez@fastmail.mx,Miembro,2026-01-31
Apex Core Platform,victorhugo.andersson@linuxmail.org,Miembro,2026-02-01
Apex Core Platform,viktor.chiscano@gmx.us,Miembro,2026-02-02
ApexFlow Automation,ruy.gregoris@fastmail.org,Lider,2026-02-06
ApexFlow Automation,odell.santacatalina@icloud.com,Miembro,2026-02-07
ApexFlow Automation,theo.aranjuelo@fastmail.nl,Miembro,2026-02-08
ApexFlow Automation,benjamin.bergstrom@live.fr,Miembro,2026-02-09
ApexFlow Automation,rosmery.oconnor@live.ca,Miembro,2026-02-10
ApexFlow Automation,lyna.johansson@mac.com,Miembro,2026-02-11
Apex Talent Elite,maxime.motas@fastmail.de,Lider,2026-02-15
Apex Talent Elite,francisca.santos@live.co.uk,Miembro,2026-02-16
Apex Talent Elite,ruy.gregoris@fastmail.org,Miembro,2026-02-17
Apex Talent Elite,theo.aranjuelo@fastmail.nl,Miembro,2026-02-18
Apex Talent Elite,tarek.perez@fastmail.mx,Miembro,2026-02-19
Apex Talent Elite,victorhugo.andersson@linuxmail.org,Miembro,2026-02-20
Apex Culture Initiative,miguelangel.alhassan@list.ru,Lider,2026-02-24
Apex Culture Initiative,francisca.santos@live.co.uk,Miembro,2026-02-25
Apex Culture Initiative,ruy.gregoris@fastmail.org,Miembro,2026-02-26
Apex Culture Initiative,tarek.perez@fastmail.mx,Miembro,2026-02-27
Apex Culture Initiative,lyna.johansson@mac.com,Miembro,2026-02-28
Apex Financial Control,xabier.perez@fastmail.com,Lider,2026-03-05
Apex Financial Control,francisca.santos@live.co.uk,Miembro,2026-03-06
Apex Financial Control,ruy.gregoris@fastmail.org,Miembro,2026-03-07
Apex Financial Control,rosmery.oconnor@live.ca,Miembro,2026-03-08
Apex Financial Control,viktor.chiscano@gmx.us,Miembro,2026-03-09
Apex Cost Optimizer,francisca.santos@live.co.uk,Lider,2026-05-05
Apex Cost Optimizer,marcoantonio.kim@live.com,Miembro,2026-05-06
Apex Cost Optimizer,xabier.perez@fastmail.com,Miembro,2026-05-07
Apex Cost Optimizer,benjamin.bergstrom@live.fr,Miembro,2026-05-08
Apex Cost Optimizer,rosmery.oconnor@live.ca,Miembro,2026-05-09
Apex Cost Optimizer,viktor.chiscano@gmx.us,Miembro,2026-05-10
Apex Operations Hub,francisca.santos@live.co.uk,Lider,2026-06-06
Apex Operations Hub,miguelangel.alhassan@list.ru,Miembro,2026-06-07
Apex Operations Hub,xabier.perez@fastmail.com,Miembro,2026-06-08
Apex Operations Hub,victorhugo.andersson@linuxmail.org,Miembro,2026-06-09
Apex Operations Hub,viktor.chiscano@gmx.us,Miembro,2026-06-10
Apex Quality Assurance,francisca.santos@live.co.uk,Lider,2026-07-07
Apex Quality Assurance,wilson.urango@fastmail.net,Miembro,2026-07-08
Apex Quality Assurance,xabier.perez@fastmail.com,Miembro,2026-07-09
Apex Quality Assurance,theo.aranjuelo@fastmail.nl,Miembro,2026-07-10
Apex Quality Assurance,rosmery.oconnor@live.ca,Miembro,2026-07-11
Apex Innovation Labs,francisca.santos@live.co.uk,Lider,2026-08-08
Apex Innovation Labs,maxime.motas@fastmail.de,Miembro,2026-08-09
Apex Innovation Labs,xabier.perez@fastmail.com,Miembro,2026-08-10
Apex Innovation Labs,theo.aranjuelo@fastmail.nl,Miembro,2026-08-11
Apex Innovation Labs,viktor.chiscano@gmx.us,Miembro,2026-08-12
Apex Green Advisory,brahim.sato@lycos.com,Lider,2026-09-09
Apex Green Advisory,wilson.urango@fastmail.net,Miembro,2026-09-10
Apex Green Advisory,marcoantonio.kim@live.com,Miembro,2026-09-11
Apex Green Advisory,xabier.perez@fastmail.com,Miembro,2026-09-12
Apex Green Advisory,viktor.chiscano@gmx.us,Miembro,2026-09-13
WaveLead Growth,nissim.aleksanyan@gmx.com,Lider,2025-11-08
WaveLead Growth,rosemerline.jorgensen@journalist.com,Miembro,2025-11-09
WaveLead Growth,abdelrahman.kovacevic@mail-me.com,Miembro,2025-11-10
WaveLead Growth,eirene.pinochet@fastmail.fr,Miembro,2025-11-11
WaveLead Growth,xander.buenrostro@googlemail.com,Miembro,2025-11-12
DataPulse Social,fiadh.mendoza@mail.ru,Lider,2025-12-14
DataPulse Social,sebastian.damboriena@hotmail.com,Miembro,2025-12-15
DataPulse Social,mariadelcarmen.chakraborty@israelmail.com,Miembro,2025-12-16
DataPulse Social,oihan.bianchi@mail-page.com,Miembro,2025-12-17
DataPulse Social,abdelrahman.kovacevic@mail-me.com,Miembro,2025-12-18
DataPulse Social,eirene.pinochet@fastmail.fr,Miembro,2025-12-19
DataLake Architecture,fiadh.mendoza@mail.ru,Lider,2026-01-19
DataLake Architecture,nissim.aleksanyan@gmx.com,Miembro,2026-01-20
DataLake Architecture,xocoyotzin.corralero@fastmail.fm,Miembro,2026-01-21
DataLake Architecture,oihan.bianchi@mail-page.com,Miembro,2026-01-22
DataLake Architecture,grace.lindqvist@mailandftp.com,Miembro,2026-01-23
DataLake Architecture,abdelrahman.kovacevic@mail-me.com,Miembro,2026-01-24
WaveQuery AI,nissim.aleksanyan@gmx.com,Lider,2026-02-24
WaveQuery AI,rasmus.mensah@mail-central.com,Miembro,2026-02-25
WaveQuery AI,jakov.martinez@italymail.com,Miembro,2026-02-26
WaveQuery AI,sebastian.damboriena@hotmail.com,Miembro,2026-02-27
WaveQuery AI,oihan.bianchi@mail-page.com,Miembro,2026-02-28
WaveQuery AI,xocoyotzin.corralero@fastmail.fm,Miembro,2026-03-01
AnalytIQ Academy,rasmus.mensah@mail-central.com,Lider,2026-03-31
AnalytIQ Academy,nissim.aleksanyan@gmx.com,Miembro,2026-04-01
AnalytIQ Academy,mariadelcarmen.chakraborty@israelmail.com,Miembro,2026-04-02
AnalytIQ Academy,fiadh.mendoza@mail.ru,Miembro,2026-04-03
AnalytIQ Academy,edrielle.martinez@fastmail.jp,Miembro,2026-04-04
WaveTeam Culture,sebastian.damboriena@hotmail.com,Lider,2026-05-06
WaveTeam Culture,rasmus.mensah@mail-central.com,Miembro,2026-05-07
WaveTeam Culture,grace.lindqvist@mailandftp.com,Miembro,2026-05-08
WaveTeam Culture,xocoyotzin.corralero@fastmail.fm,Miembro,2026-05-09
WaveTeam Culture,edrielle.martinez@fastmail.jp,Miembro,2026-05-10
WaveTeam Culture,myrlande.wilson@jetemail.net,Miembro,2026-05-11
FinData Analytics,sebastian.damboriena@hotmail.com,Lider,2026-06-11
FinData Analytics,amayrani.mariotti@icloud.com,Miembro,2026-06-12
FinData Analytics,myrlande.wilson@jetemail.net,Miembro,2026-06-13
FinData Analytics,jakov.martinez@italymail.com,Miembro,2026-06-14
FinData Analytics,edrielle.martinez@fastmail.jp,Miembro,2026-06-15
CostWave Optimize,rasmus.mensah@mail-central.com,Lider,2026-07-17
CostWave Optimize,sebastian.damboriena@hotmail.com,Miembro,2026-07-18
CostWave Optimize,fiadh.mendoza@mail.ru,Miembro,2026-07-19
CostWave Optimize,widelene.zhang@job4u.com,Miembro,2026-07-20
CostWave Optimize,dulce.sanchez@hotmail.es,Miembro,2026-07-21
CostWave Optimize,azura.gavrilova@gmx.de,Miembro,2026-07-22
Pipeline Ops,sebastian.damboriena@hotmail.com,Lider,2026-07-29
Pipeline Ops,mariadelcarmen.chakraborty@israelmail.com,Miembro,2026-07-30
Pipeline Ops,amayrani.mariotti@icloud.com,Miembro,2026-07-31
Pipeline Ops,fiadh.mendoza@mail.ru,Miembro,2026-08-01
Pipeline Ops,grace.lindqvist@mailandftp.com,Miembro,2026-08-02
Pipeline Ops,widelene.zhang@job4u.com,Miembro,2026-08-03
DataShield Sentinel,mariadelcarmen.chakraborty@israelmail.com,Lider,2026-08-05
DataShield Sentinel,jakov.martinez@italymail.com,Miembro,2026-08-06
DataShield Sentinel,inunnguag.fischer@irelandmail.com,Miembro,2026-08-07
DataShield Sentinel,grace.lindqvist@mailandftp.com,Miembro,2026-08-08
DataShield Sentinel,azura.gavrilova@gmx.de,Miembro,2026-08-09
DataShield Sentinel,widelene.zhang@job4u.com,Miembro,2026-08-10
Predictive Lab,sebastian.damboriena@hotmail.com,Lider,2026-08-17
Predictive Lab,amayrani.mariotti@icloud.com,Miembro,2026-08-18
Predictive Lab,nissim.aleksanyan@gmx.com,Miembro,2026-08-19
Predictive Lab,mariadelcarmen.chakraborty@israelmail.com,Miembro,2026-08-20
Predictive Lab,myrlande.wilson@jetemail.net,Miembro,2026-08-21
Predictive Lab,azura.gavrilova@gmx.de,Miembro,2026-08-22
GreenData Initiative,rosemerline.jorgensen@journalist.com,Lider,2026-08-29
GreenData Initiative,amayrani.mariotti@icloud.com,Miembro,2026-08-30
GreenData Initiative,fiadh.mendoza@mail.ru,Miembro,2026-08-31
GreenData Initiative,rasmus.mensah@mail-central.com,Miembro,2026-09-01
GreenData Initiative,sebastian.damboriena@hotmail.com,Miembro,2026-09-02
TroveBoost Campaign,fridha.manzanillas@fastmail.com,Lider,2024-03-12
TroveBoost Campaign,assia.adebayo@libero.it,Miembro,2024-03-13
TroveBoost Campaign,uzziel.garcia@fastmail.in,Miembro,2024-03-14
TroveBoost Campaign,hiromi.detemple@gmx.net,Miembro,2024-03-15
TroveBoost Campaign,aadhya.haddadi@legislator.com,Miembro,2024-03-16
TroveBoost Campaign,maheli.sanchez@fastmail.mx,Miembro,2024-03-17
TroveBoost Campaign,holly.hollingsworth@fastmail.us,Miembro,2024-03-18
TroveBoost Campaign,sophie.abdullah@kissfans.com,Miembro,2024-03-19
TechConnect B2B,zalan.schneider@keromail.com,Lider,2024-06-28
TechConnect B2B,hiromi.detemple@gmx.net,Miembro,2024-06-29
TechConnect B2B,uzziel.garcia@fastmail.in,Miembro,2024-06-30
TechConnect B2B,boglarka.nakamura@justemail.net,Miembro,2024-07-01
TechConnect B2B,aadhya.haddadi@legislator.com,Miembro,2024-07-02
TechConnect B2B,sophie.abdullah@kissfans.com,Miembro,2024-07-03
TechConnect B2B,assia.adebayo@libero.it,Miembro,2024-07-04
TechConnect B2B,zoran.bakker@linuxmail.org,Miembro,2024-07-05
CloudTrove Core,sophie.abdullah@kissfans.com,Lider,2024-10-14
CloudTrove Core,zalan.schneider@keromail.com,Miembro,2024-10-15
CloudTrove Core,hoda.lopez@letterboxes.org,Miembro,2024-10-16
CloudTrove Core,uzziel.garcia@fastmail.in,Miembro,2024-10-17
CloudTrove Core,aadhya.haddadi@legislator.com,Miembro,2024-10-18
CloudTrove Core,boglarka.nakamura@justemail.net,Miembro,2024-10-19
CloudTrove Core,zoran.bakker@linuxmail.org,Miembro,2024-10-20
CloudTrove Core,assia.adebayo@libero.it,Miembro,2024-10-21
AI-Insight Engine,sophie.abdullah@kissfans.com,Lider,2025-01-31
AI-Insight Engine,zoran.bakker@linuxmail.org,Miembro,2025-02-01
AI-Insight Engine,holly.hollingsworth@fastmail.us,Miembro,2025-02-02
AI-Insight Engine,aleksandar.kuznetsov@list.ru,Miembro,2025-02-03
AI-Insight Engine,aadhya.haddadi@legislator.com,Miembro,2025-02-04
AI-Insight Engine,hiromi.detemple@gmx.net,Miembro,2025-02-05
AI-Insight Engine,uzziel.garcia@fastmail.in,Miembro,2025-02-06
AI-Insight Engine,boglarka.nakamura@justemail.net,Miembro,2025-02-07
AI-Insight Engine,hoda.lopez@letterboxes.org,Miembro,2025-02-08
InnoSkills Academy,fridha.manzanillas@fastmail.com,Lider,2025-05-19
InnoSkills Academy,aadhya.haddadi@legislator.com,Miembro,2025-05-20
InnoSkills Academy,sophie.abdullah@kissfans.com,Miembro,2025-05-21
InnoSkills Academy,hiromi.detemple@gmx.net,Miembro,2025-05-22
InnoSkills Academy,zoran.bakker@linuxmail.org,Miembro,2025-05-23
InnoSkills Academy,boglarka.nakamura@justemail.net,Miembro,2025-05-24
InnoSkills Academy,aleksandar.kuznetsov@list.ru,Miembro,2025-05-25
InnoSkills Academy,assia.adebayo@libero.it,Miembro,2025-05-26
TroveVibe Culture,uzziel.garcia@fastmail.in,Lider,2025-09-04
TroveVibe Culture,hiromi.detemple@gmx.net,Miembro,2025-09-05
TroveVibe Culture,zalan.schneider@keromail.com,Miembro,2025-09-06
TroveVibe Culture,dominik.pereira@keemail.me,Miembro,2025-09-07
TroveVibe Culture,aadhya.haddadi@legislator.com,Miembro,2025-09-08
TroveVibe Culture,yehuda.williams@laposte.net,Miembro,2025-09-09
TroveVibe Culture,holly.hollingsworth@fastmail.us,Miembro,2025-09-10
TroveVibe Culture,boglarka.nakamura@justemail.net,Miembro,2025-09-11
TroveVibe Culture,hoda.lopez@letterboxes.org,Miembro,2025-09-12
SmartBudget Ops,fridha.manzanillas@fastmail.com,Lider,2025-12-20
SmartBudget Ops,uzziel.garcia@fastmail.in,Miembro,2025-12-21
SmartBudget Ops,dominik.pereira@keemail.me,Miembro,2025-12-22
SmartBudget Ops,sophie.abdullah@kissfans.com,Miembro,2025-12-23
SmartBudget Ops,aadhya.haddadi@legislator.com,Miembro,2025-12-24
SmartBudget Ops,holly.hollingsworth@fastmail.us,Miembro,2025-12-25
SmartBudget Ops,dominik.pereira@keemail.me,Miembro,2025-12-26
SmartBudget Ops,hoda.lopez@letterboxes.org,Miembro,2025-12-27
FinTrove Analytics,fridha.manzanillas@fastmail.com,Lider,2026-03-07
FinTrove Analytics,hiromi.detemple@gmx.net,Miembro,2026-03-08
FinTrove Analytics,holly.hollingsworth@fastmail.us,Miembro,2026-03-09
FinTrove Analytics,zoran.bakker@linuxmail.org,Miembro,2026-03-10
FinTrove Analytics,aadhya.haddadi@legislator.com,Miembro,2026-03-11
FinTrove Analytics,hoda.lopez@letterboxes.org,Miembro,2026-03-12
FinTrove Analytics,aleksandar.kuznetsov@list.ru,Miembro,2026-03-13
FinTrove Analytics,yehuda.williams@laposte.net,Miembro,2026-03-14
FinTrove Analytics,assia.adebayo@libero.it,Miembro,2026-03-15
AgileForge Hub,fridha.manzanillas@fastmail.com,Lider,2026-06-23
AgileForge Hub,uzziel.garcia@fastmail.in,Miembro,2026-06-24
AgileForge Hub,george.costa@live.ca,Miembro,2026-06-25
AgileForge Hub,oisin.moreno@kittymail.com,Miembro,2026-06-26
AgileForge Hub,hoda.lopez@letterboxes.org,Miembro,2026-06-27
AgileForge Hub,hiromi.detemple@gmx.net,Miembro,2026-06-28
AgileForge Hub,eithan.thompson@live.com,Miembro,2026-06-29
AgileForge Hub,dominik.pereira@keemail.me,Miembro,2026-06-30
OpsAuto Sentinel,uzziel.garcia@fastmail.in,Lider,2026-08-15
OpsAuto Sentinel,holly.hollingsworth@fastmail.us,Miembro,2026-08-16
OpsAuto Sentinel,hoda.lopez@letterboxes.org,Miembro,2026-08-17
OpsAuto Sentinel,fridha.manzanillas@fastmail.com,Miembro,2026-08-18
OpsAuto Sentinel,eithan.thompson@live.com,Miembro,2026-08-19
OpsAuto Sentinel,aadhya.haddadi@legislator.com,Miembro,2026-08-20
OpsAuto Sentinel,yehuda.williams@laposte.net,Miembro,2026-08-21
OpsAuto Sentinel,dominik.pereira@keemail.me,Miembro,2026-08-22
OpsAuto Sentinel,assia.adebayo@libero.it,Miembro,2026-08-23
QuantumEdge Lab,fridha.manzanillas@fastmail.com,Lider,2026-09-21
QuantumEdge Lab,zalan.schneider@keromail.com,Miembro,2026-09-22
QuantumEdge Lab,hiromi.detemple@gmx.net,Miembro,2026-09-23
QuantumEdge Lab,hoda.lopez@letterboxes.org,Miembro,2026-09-24
QuantumEdge Lab,george.costa@live.ca,Miembro,2026-09-25
QuantumEdge Lab,yehuda.williams@laposte.net,Miembro,2026-09-26
QuantumEdge Lab,dominik.pereira@keemail.me,Miembro,2026-09-27
QuantumEdge Lab,assia.adebayo@libero.it,Miembro,2026-09-28
TroveGreen IT,uzziel.garcia@fastmail.in,Lider,2026-10-19
TroveGreen IT,fridha.manzanillas@fastmail.com,Miembro,2026-10-20
TroveGreen IT,holly.hollingsworth@fastmail.us,Miembro,2026-10-21
TroveGreen IT,hoda.lopez@letterboxes.org,Miembro,2026-10-22
TroveGreen IT,dominik.pereira@keemail.me,Miembro,2026-10-23
TroveGreen IT,zalan.schneider@keromail.com,Miembro,2026-10-24
TroveGreen IT,hiromi.detemple@gmx.net,Miembro,2026-10-25
TroveGreen IT,assia.adebayo@libero.it,Miembro,2026-10-26
EcoBrand Launch,zoe.khalil@live.it,Lider,2026-08-20
EcoBrand Launch,zianya.branzuela@fastmail.com,Miembro,2026-08-21
EcoBrand Launch,imanol.garcia@googlemail.com,Miembro,2026-08-22
EcoBrand Launch,aldebaran.apilluelo@fastmail.es,Miembro,2026-08-23
EcoBrand Launch,luciana.mbeki@live.nl,Miembro,2026-08-24
EcoBrand Launch,maximillian.bosso@fastmail.com.au,Miembro,2026-08-25
EcoBrand Launch,yutzin.diez@fastmail.de,Miembro,2026-08-26
PrintPulse Social,chloe.campbell@lycos.com,Lider,2026-08-23
PrintPulse Social,oswaldo.lovatt@fastmail.us,Miembro,2026-08-24
PrintPulse Social,yutzin.diez@fastmail.de,Miembro,2026-08-25
PrintPulse Social,alessia.dubravsky@lobbyist.com,Miembro,2026-08-26
WebPrint Automation,chloe.campbell@lycos.com,Lider,2026-08-26
WebPrint Automation,oswaldo.lovatt@fastmail.us,Miembro,2026-08-27
WebPrint Automation,rolando.escarraza@gmx.com,Miembro,2026-08-28
SmartOrder App,chloe.campbell@lycos.com,Lider,2026-08-29
SmartOrder App,rolando.escarraza@gmx.com,Miembro,2026-08-30
SmartOrder App,oswaldo.lovatt@fastmail.us,Miembro,2026-08-31
SmartOrder App,aldebaran.apilluelo@fastmail.es,Miembro,2026-09-01
SmartOrder App,jacob.dlamini@mac.com,Miembro,2026-09-02
TalentInk Academy,rolando.escarraza@gmx.com,Lider,2026-09-01
TalentInk Academy,oswaldo.lovatt@fastmail.us,Miembro,2026-09-02
TalentInk Academy,jacob.dlamini@mac.com,Miembro,2026-09-03
TalentInk Academy,javiera.paz@mailandftp.com,Miembro,2026-09-04
SplashCulture,hudson.parks@mailas.com,Lider,2026-09-04
SplashCulture,bismah.olsen@mail-me.com,Miembro,2026-09-05
SplashCulture,patricia.mori@mail.ru,Miembro,2026-09-06
SplashCulture,rolando.escarraza@gmx.com,Miembro,2026-09-07
CostOptimize,rolando.escarraza@gmx.com,Lider,2026-09-07
CostOptimize,imanol.garcia@googlemail.com,Miembro,2026-09-08
CostOptimize,patricia.mori@mail.ru,Miembro,2026-09-09
CostOptimize,javiera.paz@mailandftp.com,Miembro,2026-09-10
CostOptimize,aldebaran.apilluelo@fastmail.es,Miembro,2026-09-11
CostOptimize,bismah.olsen@mail-me.com,Miembro,2026-09-12
FinDash Print,hudson.parks@mailas.com,Lider,2026-09-09
FinDash Print,maximillian.bosso@fastmail.com.au,Miembro,2026-09-10
FinDash Print,rolando.escarraza@gmx.com,Miembro,2026-09-11
FinDash Print,aldebaran.apilluelo@fastmail.es,Miembro,2026-09-12
FinDash Print,oswaldo.lovatt@fastmail.us,Miembro,2026-09-13
GreenPress Ops,hudson.parks@mailas.com,Lider,2026-09-13
GreenPress Ops,matthew.vargas@madonnafan.com,Miembro,2026-09-14
GreenPress Ops,maximillian.bosso@fastmail.com.au,Miembro,2026-09-15
GreenPress Ops,rolando.escarraza@gmx.com,Miembro,2026-09-16
GreenPress Ops,aldebaran.apilluelo@fastmail.es,Miembro,2026-09-17
GreenPress Ops,ayesha.rahman@mail-page.com,Miembro,2026-09-18
QualityGuard AI,rolando.escarraza@gmx.com,Lider,2026-09-16
QualityGuard AI,aldebaran.apilluelo@fastmail.es,Miembro,2026-09-17
QualityGuard AI,oswaldo.lovatt@fastmail.us,Miembro,2026-09-18
QualityGuard AI,bismah.olsen@mail-me.com,Miembro,2026-09-19
QualityGuard AI,matthew.vargas@madonnafan.com,Miembro,2026-09-20
MetaPrint VR,oswaldo.lovatt@fastmail.us,Lider,2026-09-19
MetaPrint VR,ayesha.rahman@mail-page.com,Miembro,2026-09-20
MetaPrint VR,rolando.escarraza@gmx.com,Miembro,2026-09-21
MetaPrint VR,chloe.campbell@lycos.com,Miembro,2026-09-22
GreenBox Initiative,ayesha.rahman@mail-page.com,Lider,2026-09-23
GreenBox Initiative,matthew.vargas@madonnafan.com,Miembro,2026-09-24
GreenBox Initiative,bismah.olsen@mail-me.com,Miembro,2026-09-25
GreenBox Initiative,oswaldo.lovatt@fastmail.us,Miembro,2026-09-26
GreenBox Initiative,chloe.campbell@lycos.com,Miembro,2026-09-27
GreenBox Initiative,rolando.escarraza@gmx.com,Miembro,2026-09-28