name,description,link,link_2,start_date,end_date,completed_at,status,user_email,area_name,company_name,created_at
EcoBrand Launch,"Campaña integral para posicionar la nueva línea de impresiones ecológicas de InkSplash Printing, destacando el uso de materiales reciclados y tintas biodegradables en el mercado actual.",https://example.com/q7Kx29,https://example.com/q7Kx29,2026-08-21,null,null,En Progreso,rolando.escarraza@gmx.com,Marketing,InkSplash Printing,2026-08-20
PrintPulse Social,Estrategia de contenidos interactivos y testimonios de clientes en redes sociales para aumentar la comunidad digital y la captación de nuevos prospectos B2B.,https://example.org/m4Pz81,https://example.org/m4Pz81,2026-08-25,null,null,En Progreso,rolando.escarraza@gmx.com,Marketing,InkSplash Printing,2026-08-23
WebPrint Automation,"Plataforma de comercio electrónico autogestionable que permite a los clientes personalizar, cotizar y ordenar sus impresiones en tiempo real con pasarela de pagos integrada.",https://example.net/t9Vr36,https://example.net/t9Vr36,2026-08-26,2026-08-28,2026-08-29,Completado,rolando.escarraza@gmx.com,Desarrollo,InkSplash Printing,2026-08-26
SmartOrder App,"Aplicación móvil interna para el seguimiento automatizado de pedidos, optimizando el flujo de trabajo desde la recepción del archivo digital hasta el área de empaque.",https://example.com/b2Ln74,https://example.com/b2Ln74,2026-08-30,2026-08-30,2026-08-30,Completado,rolando.escarraza@gmx.com,Desarrollo,InkSplash Printing,2026-08-29
TalentInk Academy,Programa de capacitación continua y desarrollo de habilidades técnicas para el personal de producción en el manejo de maquinaria de impresión de última generación.,https://example.org/x8Qw53,https://example.org/x8Qw53,2026-09-03,2026-09-04,2026-09-04,Completado,rolando.escarraza@gmx.com,Recursos Humanos,InkSplash Printing,2026-09-01
SplashCulture,"Iniciativa de bienestar laboral y clima organizacional diseñada para fortalecer la comunicación interna, el sentido de pertenencia y la motivación del equipo.",https://example.net/h5Yk92,https://example.net/h5Yk92,2026-09-07,null,null,En Progreso,rolando.escarraza@gmx.com,Recursos Humanos,InkSplash Printing,2026-09-04
CostOptimize,Auditoría y reestructuración de los procesos de compra de materias primas para reducir costos operativos y maximizar el margen de ganancia por tiraje.,https://example.com/r3Md67,https://example.com/r3Md67,2026-09-08,2026-09-08,2026-09-08,Completado,rolando.escarraza@gmx.com,Finanzas,InkSplash Printing,2026-09-07
FinDash Print,"Implementación de un panel de control financiero automatizado para monitorear el flujo de caja, la rentabilidad por proyecto y el retorno de inversión en tiempo real.",https://example.org/v6Ts14,https://example.org/v6Ts14,2026-09-10,2026-09-10,2026-09-10,Completado,rolando.escarraza@gmx.com,Finanzas,InkSplash Printing,2026-09-09
GreenPress Ops,Modernización de la línea de producción mediante maquinaria de bajo consumo energético para reducir la huella de carbono y optimizar los tiempos de entrega.,https://example.org/r2Kv36,https://example.org/r2Kv36,2026-09-14,2026-09-14,2026-09-14,Completado,rolando.escarraza@gmx.com,Producción,InkSplash Printing,2026-09-13
QualityGuard AI,Sistema de control de calidad asistido por visión artificial para detectar defectos de impresión al instante y minimizar el desperdicio de papel e insumos.,https://example.org/r2Kv37,https://example.org/r2Kv37,2026-09-17,2026-09-17,2026-09-17,Completado,rolando.escarraza@gmx.com,Producción,InkSplash Printing,2026-09-16
MetaPrint VR,Experiencia de realidad virtual pionera que permite a los clientes visualizar maquetas y acabados impresos en 3D antes de autorizar la producción masiva.,https://example.com/q7Kx30,https://example.com/q7Kx30,2026-09-20,2026-09-20,2026-09-20,Completado,rolando.escarraza@gmx.com,Otros,InkSplash Printing,2026-09-19
GreenBox Initiative,Proyecto de logística inversa y economía circular para recolectar y reciclar los excedentes de papel y empaques de los clientes corporativos.,https://example.org/m4Pz82,https://example.org/m4Pz82,2026-09-25,2026-10-11,2026-10-11,Completado,rolando.escarraza@gmx.com,Otros,InkSplash Printing,2026-09-23
TroveBoost Campaign,"Campaña de lanzamiento multicanal para posicionar el nuevo ecosistema de soluciones inteligentes de TechTrove, enfocándose en líderes de la industria tecnológica.",https://example.net/t9Vr37,https://example.net/t9Vr37,2024-03-13,2024-05-29,2024-06-02,Completado,fridha.manzanillas@fastmail.com,Marketing,TechTrove Innovations,2024-03-12
TechConnect B2B,Estrategia de generación de leads y webinars interactivos para conectar directamente con tomadores de decisiones corporativas y mostrar casos de éxito.,https://example.com/b2Ln75,https://example.com/b2Ln75,2024-07-01,2024-09-30,2024-10-11,Completado,uzziel.garcia@fastmail.in,Marketing,TechTrove Innovations,2024-06-28
CloudTrove Core,Desarrollo de una arquitectura nativa en la nube altamente escalable para centralizar y optimizar el almacenamiento de datos de los clientes corporativos.,https://example.org/x8Qw54,https://example.org/x8Qw54,2024-10-16,2025-12-20,2025-12-27,Completado,uzziel.garcia@fastmail.in,Desarrollo,TechTrove Innovations,2024-10-14
AI-Insight Engine,Motor analítico impulsado por inteligencia artificial para predecir tendencias de mercado y automatizar la toma de decisiones empresariales complejas.,https://example.net/h5Yk93,https://example.net/h5Yk93,2025-02-01,null,null,En Progreso,uzziel.garcia@fastmail.in,Desarrollo,TechTrove Innovations,2025-01-31
InnoSkills Academy,Programa de formación continua en tecnologías emergentes y metodologías ágiles para potenciar el talento interno y la retención de personal clave.,https://example.org/x8Qw53,https://example.com/e6Jt42,2025-05-24,2025-08-22,2025-08-31,Completado,uzziel.garcia@fastmail.in,Recursos Humanos,TechTrove Innovations,2025-05-19
TroveVibe Culture,"Iniciativa integral de bienestar y flexibilidad laboral diseñada para fomentar un ambiente de trabajo colaborativo, inclusivo y altamente motivador.",https://example.net/h5Yk92,https://example.org/b4Nz83,2025-09-09,2025-11-25,2025-12-09,Completado,uzziel.garcia@fastmail.in,Recursos Humanos,TechTrove Innovations,2025-09-04
SmartBudget Ops,Automatización del control presupuestario y asignación de recursos mediante análisis predictivo para maximizar la rentabilidad de cada proyecto tecnológico.,https://example.com/r3Md67,https://example.org/b4Nz84,2025-12-26,2026-02-25,2026-02-27,Completado,uzziel.garcia@fastmail.in,Finanzas,TechTrove Innovations,2025-12-20
FinTrove Analytics,"Implementación de un panel financiero en tiempo real para el seguimiento de flujos de caja, inversiones de capital y retorno financiero general.",https://example.org/v6Ts14,https://example.net/p7Gw29,2026-03-10,2026-05-29,2026-05-29,Completado,uzziel.garcia@fastmail.in,Finanzas,TechTrove Innovations,2026-03-07
AgileForge Hub,Reestructuración del ciclo de vida de desarrollo de software para acelerar los tiempos de entrega sin comprometer los estándares de calidad técnica.,https://example.org/r2Kv36,https://example.net/p7Gw30,2026-06-28,2026-07-20,2026-07-21,Completado,uzziel.garcia@fastmail.in,Producción,TechTrove Innovations,2026-06-23
OpsAuto Sentinel,Sistema automatizado de monitoreo de servidores e infraestructura para detectar y resolver incidencias operativas antes de que afecten el servicio.,https://example.org/r2Kv37,https://example.com/u3Qm68,2026-08-19,2026-09-20,2026-09-20,Completado,uzziel.garcia@fastmail.in,Producción,TechTrove Innovations,2026-08-15
QuantumEdge Lab,Laboratorio de investigación y desarrollo enfocado en prototipos disruptivos de computación cuántica e IoT aplicados a entornos empresariales.,https://example.org/r2Kv38,https://example.com/u3Qm69,2026-09-22,2026-10-10,2026-10-10,Completado,uzziel.garcia@fastmail.in,Otros,TechTrove Innovations,2026-09-21
TroveGreen IT,Iniciativa de sostenibilidad para reducir el consumo energético de los centros de datos y promover una cultura de tecnología verde y consciente.,https://example.org/r2Kv39,https://example.org/k8Vr54,2026-10-20,2026-10-31,2026-10-31,Completado,uzziel.garcia@fastmail.in,Otros,TechTrove Innovations,2026-10-19
WaveLead Growth,Campaña de inbound marketing enfocada en la generación de clientes potenciales B2B mediante la creación de reportes de tendencias y analítica avanzada.,https://example.com/g8Lm41,https://example.com/g8Lm42,2025-11-10,2025-12-10,2025-12-11,Completado,sebastian.damboriena@hotmail.com,Marketing,DataWave Solutions,2025-11-08
DataPulse Social,Estrategia de contenidos interactivos y demostraciones en vivo para destacar casos de éxito en la visualización y gestión inteligente de datos.,https://example.org/d5Qv97,https://example.net/m5Xc17,2025-12-15,2026-01-13,2026-01-15,Completado,sebastian.damboriena@hotmail.com,Marketing,DataWave Solutions,2025-12-14
DataLake Architecture,Desarrollo de un repositorio centralizado y escalable en la nube para unificar flujos masivos de datos estructurados y no estructurados de los clientes.,https://example.net/w3Ny62,https://example.com/u3Qm69,2026-01-20,2026-02-22,2026-02-22,Completado,sebastian.damboriena@hotmail.com,Desarrollo,DataWave Solutions,2026-01-19
WaveQuery AI,Implementación de una interfaz conversacional impulsada por inteligencia artificial para que los usuarios consulten bases de datos utilizando lenguaje natural.,https://example.com/k9Ht35,https://example.com/f9Ld72,2026-02-27,2026-03-30,2026-03-31,Completado,sebastian.damboriena@hotmail.com,Desarrollo,DataWave Solutions,2026-02-24
AnalytIQ Academy,"Programa de capacitación interna y certificación en ciencia de datos, machine learning y gobernanza de información para potenciar el talento técnico.",https://example.org/s7Rc28,https://example.com/u3Qm69,2026-04-01,2026-05-02,2026-05-05,Completado,sebastian.damboriena@hotmail.com,Recursos Humanos,DataWave Solutions,2026-03-31
WaveTeam Culture,"Iniciativa de bienestar y flexibilidad laboral diseñada para fomentar la colaboración híbrida, el equilibrio y la retención de perfiles tecnológicos.",https://example.net/j4Vm81,https://example.org/w2Hp46,2026-05-08,2026-05-29,2026-06-01,Completado,sebastian.damboriena@hotmail.com,Recursos Humanos,DataWave Solutions,2026-05-06
FinData Analytics,"Sistema automatizado para el monitoreo de flujos de caja, control de presupuestos operativos y análisis de rentabilidad por cliente en tiempo real.",https://example.com/y6Bp49,https://example.com/u3Qm69,2026-06-13,2026-07-10,2026-07-16,Completado,sebastian.damboriena@hotmail.com,Finanzas,DataWave Solutions,2026-06-11
CostWave Optimize,Auditoría de costos de infraestructura en la nube y almacenamiento de datos para maximizar la eficiencia financiera y reducir gastos innecesarios.,https://example.org/f2Nx75,https://example.net/q6Yn38,2026-07-20,2026-07-29,2026-07-29,Completado,sebastian.damboriena@hotmail.com,Finanzas,DataWave Solutions,2026-07-17
Pipeline Ops,"Optimización y automatización de los procesos de extracción, transformación y carga (ETL) para garantizar la entrega oportuna de datos limpios.",https://example.net/u8Kd31,https://example.com/u3Qm69,2026-07-31,2026-08-03,2026-08-04,Completado,sebastian.damboriena@hotmail.com,Producción,DataWave Solutions,2026-07-29
DataShield Sentinel,"Plataforma de monitoreo automatizado enfocada en la seguridad, privacidad y cumplimiento normativo de los flujos de información críticos.",https://example.com/a5Qr68,https://example.net/m5Xc17,2026-08-10,null,null,En Progreso,sebastian.damboriena@hotmail.com,Producción,DataWave Solutions,2026-08-05
Predictive Lab,Laboratorio de innovación enfocado en el desarrollo de modelos predictivos avanzados para anticipar escenarios de mercado y riesgos empresariales.,https://example.org/e9Wm42,https://example.com/u3Qm69,2026-08-18,2026-08-28,2026-08-29,Completado,sebastian.damboriena@hotmail.com,Otros,DataWave Solutions,2026-08-17
GreenData Initiative,Proyecto de optimización de servidores y algoritmos para reducir drásticamente la huella de carbono asociada al procesamiento masivo de datos.,https://example.net/l3Zt57,https://example.com/f9Ld72,2026-08-31,null,null,En Progreso,sebastian.damboriena@hotmail.com,Otros,DataWave Solutions,2026-08-29
Nibblo Growth Campaign,Campaña de marketing de guerrilla digital y posicionamiento de marca para dar a conocer las soluciones innovadoras de Nibblo en el mercado objetivo.,https://example.com/o7Jx94,https://example.com/u3Qm69,2023-05-02,null,null,En Progreso,angie.milcheva@fastmail.com,Marketing,Nibblo,2023-04-04
Nibblo Connect,Estrategia de generación de leads B2B basada en experiencias interactivas y eventos de networking exclusivos para tomadores de decisiones.,https://example.org/i4Cv26,https://example.org/w2Hp46,2023-08-01,2024-01-15,2024-01-30,Completado,angie.milcheva@fastmail.com,Marketing,Nibblo,2023-07-16
Nibblo Core Engine,"Desarrollo de la arquitectura base del software para asegurar una plataforma escalable, rápida y altamente receptiva para todos los usuarios.",https://example.net/n8Ps63,https://example.com/u3Qm69,2023-11-19,null,null,En Progreso,angie.milcheva@fastmail.com,Desarrollo,Nibblo,2023-10-28
Nibblo App Integration,Creación de una API robusta que permita conectar la plataforma principal de Nibblo con servicios y herramientas de terceros sin fricciones.,https://example.com/v2Gk79,https://example.net/q6Yn38,2024-02-10,2024-04-12,2024-04-29,Completado,angie.milcheva@fastmail.com,Desarrollo,Nibblo,2024-02-09
Nibblo Talent Hub,Programa de atracción de talento tech y retención de profesionales clave mediante planes de carrera personalizados y beneficios atractivos.,https://example.org/r6Yh35,https://example.com/u3Qm69,2024-05-26,2024-06-25,2024-07-01,Completado,angie.milcheva@fastmail.com,Recursos Humanos,Nibblo,2024-05-22
Nibblo Culture Lab,"Iniciativa de clima laboral enfocada en fomentar la creatividad, la autonomía y la colaboración en equipos de trabajo híbridos o remotos.",https://example.net/b9Lm14,https://example.org/w2Hp46,2024-09-03,2024-11-15,2024-11-15,Completado,angie.milcheva@fastmail.com,Recursos Humanos,Nibblo,2024-09-03
Nibblo Budget Control,"Implementación de un sistema automatizado para la gestión de presupuestos, control de gastos operativos y optimización del flujo de caja.",https://example.com/x3Tf82,https://example.com/u3Qm69,2024-12-17,2025-01-30,2025-02-05,Completado,angie.milcheva@fastmail.com,Finanzas,Nibblo,2024-12-16
Nibblo FinAudit,Auditoría financiera interna para evaluar la rentabilidad de las líneas de negocio actuales y proyectar inversiones estratégicas a futuro.,https://example.org/q5Nd47,https://example.net/q6Yn38,2025-04-01,2025-06-12,2025-06-30,Completado,angie.milcheva@fastmail.com,Finanzas,Nibblo,2025-03-30
Nibblo Agile Ops,Reestructuración de los flujos de trabajo operativos mediante metodologías ágiles para acelerar los tiempos de entrega de valor al cliente.,https://example.net/k7Vr91,https://example.com/u3Qm69,2025-07-16,2025-09-30,2025-10-10,Completado,angie.milcheva@fastmail.com,Producción,Nibblo,2025-07-12
Nibblo QA Sentinel,Implementación de controles de calidad automatizados en las operaciones diarias para reducir errores y optimizar la eficiencia interna.,https://example.com/m2Wp56,https://example.net/m5Xc17,2025-10-25,2025-12-29,2025-01-19,Completado,angie.milcheva@fastmail.com,Producción,Nibblo,2025-10-24
Nibblo Future Labs,Laboratorio de innovación enfocado en experimentar con tecnologías emergentes para crear prototipos de productos disruptivos para el mercado.,https://example.org/h8Zc34,https://example.com/u3Qm69,2026-02-20,2026-04-30,2026-05-02,Completado,angie.milcheva@fastmail.com,Otros,Nibblo,2026-02-15
Nibblo Green Initiative,Proyecto de sostenibilidad corporativa para reducir el impacto ambiental de las operaciones y promover prácticas de oficina ecológica.,https://example.net/d4Qs72,https://example.com/f9Ld72,2026-05-07,2026-06-30,2026-07-01,Completado,angie.milcheva@fastmail.com,Otros,Nibblo,2026-05-05
Apex Growth B2B,Campaña de posicionamiento estratégico y generación de leads orientada a conectar soluciones corporativas de alto nivel con directores ejecutivos.,https://example.com/p9Xn18,https://example.com/u3Qm69,2025-12-05,2025-12-12,2025-12-14,Completado,ruy.gregoris@fastmail.org,Marketing,Apex Solutions Group,2025-12-05
ApexPulse Network,Estrategia de contenidos de liderazgo intelectual y casos de éxito en plataformas digitales para consolidar la autoridad de la marca en el sector.,https://example.org/w6Jm53,https://example.org/w2Hp46,2025-12-15,2026-01-16,2026-01-20,Completado,ruy.gregoris@fastmail.org,Marketing,Apex Solutions Group,2025-12-14
Apex Core Platform,Desarrollo de una plataforma empresarial unificada y de alta disponibilidad para centralizar la gestión de servicios corporativos complejos.,https://example.net/f3Kr87,https://example.com/u3Qm69,2026-01-28,null,null,En Progreso,ruy.gregoris@fastmail.org,Desarrollo,Apex Solutions Group,2026-01-28
ApexFlow Automation,Creación de herramientas de integración mediante APIs y microservicios para optimizar la conectividad tecnológica entre los clientes y la firma.,https://example.com/t8Lv42,https://example.net/q6Yn38,2026-02-07,2026-02-10,2026-02-13,Completado,ruy.gregoris@fastmail.org,Desarrollo,Apex Solutions Group,2026-02-06
Apex Talent Elite,"Programa de atracción, desarrollo y retención de ejecutivos de alto rendimiento mediante planes de carrera especializados y mentoría interna.",https://example.org/y5Bp69,https://example.com/m2Wp56,2026-02-16,2026-02-23,2026-02-23,Completado,ruy.gregoris@fastmail.org,Recursos Humanos,Apex Solutions Group,2026-02-15
Apex Culture Initiative,Proyecto de bienestar y fortalecimiento del clima organizacional enfocado en potenciar la colaboración y el liderazgo en equipos multidisciplinarios.,https://example.net/g2Nc31,https://example.org/h8Zc34,2026-02-25,2026-03-04,2026-03-04,Completado,ruy.gregoris@fastmail.org,Recursos Humanos,Apex Solutions Group,2026-02-24
Apex Financial Control,Implementación de tableros de control financiero automatizados para supervisar la rentabilidad por cuenta y optimizar el flujo de caja global.,https://example.com/s9Qw74,https://example.net/d4Qs72,2026-03-08,2026-04-26,2026-05-01,Completado,ruy.gregoris@fastmail.org,Finanzas,Apex Solutions Group,2026-03-05
Apex Cost Optimizer,Auditoría y reingeniería de procesos administrativos para reducir costos operativos y maximizar el margen de ganancia en servicios clave.,https://example.org/j6Xr28,https://example.com/p9Xn18,2026-05-06,2026-06-01,2026-06-03,Completado,ruy.gregoris@fastmail.org,Finanzas,Apex Solutions Group,2026-05-05
Apex Operations Hub,Estandarización y optimización de los procesos de entrega de servicios mediante metodologías ágiles para garantizar la máxima eficiencia.,https://example.net/v4Hm85,https://example.org/w6Jm53,2026-06-08,2026-06-30,2026-07-02,Completado,ruy.gregoris@fastmail.org,Producción,Apex Solutions Group,2026-06-06
Apex Quality Assurance,Sistema integral de supervisión y control de calidad operativo para asegurar la excelencia en cada solución entregada a los clientes.,https://example.com/c7Tk39,https://example.net/f3Kr87,2026-07-09,null,null,En Progreso,ruy.gregoris@fastmail.org,Producción,Apex Solutions Group,2026-07-07
Apex Innovation Labs,Laboratorio de consultoría estratégica y desarrollo de prototipos para anticiparse a las tendencias de transformación digital corporativa.,https://example.org/n3Fd61,https://example.com/t8Lv42,2026-08-10,2026-09-01,2026-09-05,Completado,ruy.gregoris@fastmail.org,Otros,Apex Solutions Group,2026-08-08
Apex Green Advisory,Iniciativa de consultoría interna y externa en sostenibilidad para ayudar a las empresas a cumplir con normativas ambientales y ecológicas.,https://example.net/z8Wp47,https://example.org/y5Bp69,2026-09-10,2026-09-28,2026-09-28,Completado,ruy.gregoris@fastmail.org,Otros,Apex Solutions Group,2026-09-09